Language,Metric,Average Score,Slope,Intercept,R-value,P-value,Std Err
Arabic,BLEU,0.3633296325850908,-3.929162785252954e-05,0.5891582636675043,-0.4679176153403703,0.0,6.922661559142388e-07
Arabic,SacreBLEU,0.3988517457214588,-3.9901063948490535e-05,0.6281831107654081,-0.47418996102155503,0.0,6.910754633504476e-07
Arabic,METEOR,0.5528383072019722,-5.458087066730887e-05,0.8665418613623299,-0.6009095620372795,0.0,6.772555866933252e-07
Arabic,BERTScore,0.8541554364667304,-2.5408894800648275e-05,1.0001930593334563,-0.6531704243918944,0.0,2.747757048818065e-07
