Language,Metric,Average Score,Slope,Intercept,R-value,P-value,Std Err
Arabic,BLEU,0.43266786266400703,-8.376494795963063e-06,0.48080757825640674,-0.10815561065903277,2.9792623181217577e-31,7.182560189221252e-07
Arabic,SacreBLEU,0.4859345910763535,-4.06779095439486e-06,0.5093121856912608,-0.056112717857629356,1.7476709981100473e-09,6.752018333386113e-07
Arabic,METEOR,0.7125006775880147,-6.329276256520946e-06,0.7488750282342406,-0.10930778179055907,6.869060713554886e-32,5.369253602862663e-07
Arabic,BERTScore,0.9638585763895344,-7.856362510975758e-07,0.9683736279245923,-0.09362936703609993,8.420041923316814e-24,7.793248229502761e-08
Spanish,BLEU,0.4466727211539263,-6.056916792737688e-06,0.4814818219617898,-0.07832606339778919,4.13574285225744e-17,7.191675777506268e-07
Spanish,SacreBLEU,0.49898451712038233,-1.726628803596849e-06,0.5089074528546534,-0.0241206330386261,0.009710895937545918,6.67582576847764e-07
Spanish,METEOR,0.7163723805930271,-4.973862894357442e-06,0.7449571706468994,-0.09023814431324309,3.2371211265225626e-22,5.120935312380165e-07
Spanish,BERTScore,0.9668082099799791,-3.5025679663172616e-07,0.9688211357902216,-0.051947087816151635,2.5159260129215145e-08,6.281446850897555e-08
