Language,Metric,Average Score,Slope,Intercept,R-value,P-value,Std Err
Arabic,BLEU,0.31499139041415425,1.0789059652615073e-06,0.30879037837881373,0.014877888270059323,0.11071798333214693,6.763888215286734e-07
Arabic,SacreBLEU,0.3621002067483783,6.075830178506754e-06,0.3271793727974107,0.0851236140608279,6.147137276537783e-20,6.634047554337885e-07
Arabic,METEOR,0.5444624999185356,-2.3159042866246277e-06,0.5577731598059106,-0.0355443078046827,0.00013812731694470796,6.074048005655296e-07
Arabic,BERTScore,0.8901436925375174,1.5171860406530884e-07,0.889271689860652,0.008679396939278343,0.35214584619358924,1.6305537521848514e-07
